Virus_name,Sequence,Mutations,Seq_no,IC50,pIC50
V703_0790,VWKEKAQEIOVTENFNWENNNHIKKLTPVAOYSDAOCTOAS-TEI-KDK-KYKQRRLOSSKDOTGPHOVQOKOLTDNTKTOTRSRIQ--TFGDIIGN--IREAHOSHFP-----KOS--SGGDEIOT--IPNMWQEVGROTOVRDGG-------------RDQDKOSSIETRPQGGNMKDRKAA-G-IG-ALGFRQVQNLOOOYGTYKE,sensitive-WT,1,1.47,8
V703_0790,VWKEKAQEIOVTENFNWENNNHIKKLTPVAOYSDAOCTOAS-TEI-KDK-KYKQRRLOSSKDOTGPHOVQOKOLTDSTKTOTRSRIQ--TFGDIIGN--IREAHOSHFP-----KOS--SGGDEIOT--IPNMWQEVGROTOVRDGG-------------RDQDKOSSIETRPQGGNMKDRKAA-G-IG-ALGFRQVQNLOOOYGTYKE,resistant-WT,2,25,6.77
V703_0790,VWKEKAQEIOVTENFNWENNNHIKKLTPVAOYSDAOCTOAS-TEI-KDK-KYKQRRLOSSKDOTGPHOVQOKOLTDNTKTOTRSRIQ--TFGDIIGN--IREAHOSHFP-----KOS--SGGDEIOT--IPNMWQEVGROTOVRDGG-------------RDQDKOSSIETRPQGGNMKDRKAA-G-IG-ALGFRQVQNLOOOYGTYKE,S280N,3,1.47,8
V703_1714,VWREKAQEIOVTENFNWKNDDHIKKLTPVVONT--OCSOVT-TER-RDK-RKGEYILOTSKDOTGLNOVQOKOLTDNTKTOTRSRIQ--VY-DIIGD--IRKAYNOHFS-----KSS--PGGDEINT--INNMWQRVGLOTOERDGG----------------AODSNTETRPTGGDMRDRKAV-G-IG-ALGFRQVQNLOOOYGMYTE,sensitive-WT,4,0.32,8.66
V703_1714,VWREKAQEIOVTENFNWKNDDHIKKLTPVVTNT--OCSOVT-TER-RDK-RKGEYILOTSKDOTGLNOVQOKOLTDNTKTOTRSRIQ--VYNDIIGD--IRKAYOSHFS-----KSS--PGGDEITT--INNMWQRVGLOTOERDGD----------------AOESNTETRPTGGDMRDRKAV-G-IG-ALGFRQVQNLOOOYGMYKE,resistant-WT,5,25,6.77
V703_1714,VWREKAQEIOVTENFNWKNDDHIKKLTPVVTNT--OCSOVT-TER-RDK-RKGEYILOTSKDOTGLNOVQOKOLTDNTKTOTRSRIQ--VYNDIIGD--IRKAYOSHFS-----KSS--PGGDEITT--INNMWQRVGLOTOERDGD----------------AODSNTETRPTGGDMRDRKAV-G-IG-ALGFRQVQNLOOOYGMYKE,E462D,6,25,6.77
V703_1714,VWREKAQEIOVTENFNWKNDDHIKKLTPVVTNT--OCSOVT-TER-RDK-RKGEYILOTSKDOTGLNOVQOKOLTDNTKTOTRSRIQ--VYNDIIGD--IRKAYOSHFS-----KSS--PGGDEITT--INNMWQRVGLOTOERDGG----------------AOESNTETRPTGGDMRDRKAV-G-IG-ALGFRQVQNLOOOYGMYKE,D459G,7,1.89,7.89
V703_2769,VWREKAQEVOVTENFNWKNDDHIKKLTPVVNVOTQOCSOAT-AVL-KNK-KKKEYILOTSKDOTGPNOVQOEOITNNVKTOTRSRIQ--AYGDIIGD--IRQAHOSYFS-----KEA--SGGDEVST--LPNMWQQVGQOTOTRDGG----------------NVONSTETRPGGGDMRDRKAV-G-LG-AFGFRQVQNLOOOYNTYRE,sensitive-WT,8,0.14,9.02
V703_2769,VWREKAQEVOVTENFNWKNDDHIKKLTPVVTVSOEOCSOTT-TVI-RDK-KKQEYILOTSKOOTGPNOVQOEOITDNVKTOTRSRIQ--TYGAIIGD--IRQAHOSYFS-----SKP-VPGGDEIST--LQNMWQQVGROTTTRDGGETOK------------TONSTEEIRPGGGDMRDRKAV-G-IG-AFGFRQVQNLOOOYNTYME,resistant-WT,9,25,6.77
V703_2769,VWREKAQEVOVTENFNWKNDDHIKKLTPVVTVSOEOCSOTT-TVI-RDK-KKQEYILOTSKOOTGPNOVQOEOITDNVKTOTRSRIQ--TYGAIIGD--IRQAHOSYFS-----SKP-VPGGDEIST--LQNMWQQVGQOTTTRDGGETOK------------TONSTEEIRPGGGDMRDRKAV-G-IG-AFGFRQVQNLOOOYNTYME,R432Q,10,25,6.77
V703_2769,VWREKAQEVOVTENFNWKNDDHIKKLTPVVTVSOEOCSOTT-TVI-RDK-KKQEYILOTSKOOTGPNOVQOEOITDNVKTOTRSRIQ--TYGAIIGD--IRQAHOSYFS-----SKP-VPGGDEIST--LQNMWQQVGROTTTRDGG----------------NVONSTETRPGGGDMRDRKAV-G-IG-AFGFRQVQNLOOOYNTYME,beta23-v5,11,6.82,7.33
V703_1586,VWKDKAQEIOVTENFNWKNDDHIKKLTPVATASNGOCSOAT-TEI-RDK-KLKVSRLOTSKOOTGPQOVQOEOLTDNAKTOTRSRIQ--VYNDIIGD--IRQAHOTKFP-----KOS--SGGDEIOT--LPNMWQEVGROTOVRDGG---------------IOGTODTETRPQGGNMKDRKAV-G-IG-AFGFRQVQNLOOOYNTYRE,sensitive-WT,12,11.76,7.09
V703_1586,VWKDKAQEIOVTENFNWKNDDHIKKLTPVATASNGOCSOAT-TEI-RDK-KLKVSRLOTSKOOTGPQOVQOEOLTNNAKTOTRSRIQ--VYNDIIGD--IRQAHOTKFP-----KOS--SGGDEIOT--LPNMWQEVGROTOVRDGG---------------IOGTODTETRPQGGNMKDRKAV-G-IG-AFGFRQVQNLOOOYNTYRE,resistant-WT,13,25,6.77
V703_1586,VWKDKAQEIOVTENFNWKNDDHIKKLTPVATASNGOCSOAT-TEI-RDK-KLKVSRLOTSKOOTGPQOVQOEOLTDNAKTOTRSRIQ--VYNDIIGD--IRQAHOTKFP-----KOS--SGGDEIOT--LPNMWQEVGROTOVRDGG---------------IOGTODTETRPQGGNMKDRKAV-G-IG-AFGFRQVQNLOOOYNTYRE,N279D,14,13.4,7.04
V703_0510,VWKDKAQEIOVTENFNWKNDDHIKRLTPVAORTV-OCSOAT-TEI-KDK-KRKEYRLOSSKOOTGPQOVQOEDLTNNAKIOTRSRIQ--AYNDIIGN--IRQAHOSHFS-----KQS--SGGDEVOT--IPNMWQEVGKEKOVRDGG--------------OETOGTGTEIRPGGGNMKDRKAV-G-IG-AFGFRQVQNLOOOYQTYGE,sensitive-WT,15,5.73,7.41
V703_0510,VWKDKAQEIOVTENFNWKNDDHIKKLTPVAOSTVOOCSOAT-TEI-HDR-KKKEYRLOSSKOOTGPQOVQOEDLTNNAKIOTRSRIQ--AYNDIIGD--IRQAYOSHFS-----KRS--SGGDEIOT--LPNMWQEVGKEKOVRDGG--------------OETOGTGTEIRPGGGNMKDRKAV-G-IG-AFGFRQVQNLOOOYQTYGE,resistant-WT,16,25,6.77
V703_0510,VWKDKAQEIOVTENFNWKNDDHIKKLTPVAOSTVOOCSOAT-TEI-HDR-KKKEYRLOSSKOOTGPQOVQOEDLTNNAKIOTRSRIQ--AYNDIIGD--IRQAYOSHFS-----KRS--SGGDEVOT--LPNMWQEVGKEKOVRDGG--------------OETOGTGTEIRPGGGNMKDRKAV-G-IG-AFGFRQVQNLOOOYQTYGE,I371V,17,25,6.77
V703_0514,VWKEKAQEIOVTENFNWKNDDHIKKLTPVISTOTSOCSOIT-TEL-RDK-RKKEYRLOTSKOKTGPNKVQOKOLTENSKIOTRSRIQ--TYGEVIGD--IRQAYNOHF------TES--AGGDEVOI--LPNMWQEVGROTOTRDGG---------------QGTOSTSETRPGGGDMRDRKAA-G-IG-ALGFRQVQNLOOOYSIYSE,sensitive-WT,18,0.02,9.86
V703_0514,VWKEKAQEIOVTENFNWKNDEHIKKMTPVAISTTOOCSOVT-TEL-RDK-SKKEYRLOSSKOOTGPNOVQOKOLTDNTKIOTRSRIQ--TYGDIIGD--IRQAHOSKFREL-FOTKP--VGGDEINT--LPNMWQGVGROTOTRDGG---------------IONTNTOETRPGGGDMRDRKAV-G-IG-ALGFRQVQNLOOOYSLYSE,resistant-WT,19,25,6.77
V703_0514,VWKEKAQEIOVTENFNWKNDEHIKKMTPVAISTTOOCSOVT-TEL-RDK-SKKEYRLOSSKOOTGPNOVQOKOLTDNSKIOTRSRIQ--TYGDIIGD--IRQAHOSKFREL-FOTKP--VGGDEINT--LPNMWQGVGROTOTRDGG---------------IONTNTOETRPGGGDMRDRKAV-G-IG-ALGFRQVQNLOOOYSLYSE,T281S,20,25,6.77
V703_0514,VWKEKAQEIOVTENFNWKNDEHIKKMTPVAISTTOOCSOVT-TEL-RDK-SKKEYRLOSSKOOTGPNOVQOKOLTDNTKIOTRSRIQ--TYGDIIGD--IRQAHOSKFREL-FOTKP--VGGDEINT--LPNMWQEVGROTOTRDGG---------------IONTNTOETRPGGGDMRDRKAV-G-IG-ALGFRQVQNLOOOYSLYSE,G429E,21,25,6.77